model,accent_group,diff_pp,ci_low,ci_high,significant
tiny,england,2.29,-0.31,4.91,False
base,england,0.43,-1.32,2.24,False
small,england,0.1,-1.4,1.59,False
medium,england,-0.62,-1.8,0.54,False
large-v3,england,-0.33,-1.34,0.65,False
turbo,england,-0.28,-1.3,0.71,False
wav2vec2,england,0.87,-0.68,2.45,False
tiny,canada,-1.66,-3.8,0.51,False
base,canada,-1.06,-2.71,0.53,False
small,canada,-0.94,-2.3,0.41,False
medium,canada,-1.19,-2.23,-0.17,True
large-v3,canada,-1.11,-1.93,-0.24,True
turbo,canada,-0.94,-1.8,-0.09,True
wav2vec2,canada,0.74,-0.79,2.32,False
tiny,australia_nz,1.59,-0.73,3.86,False
base,australia_nz,1.01,-0.77,2.72,False
small,australia_nz,0.26,-1.21,1.71,False
medium,australia_nz,-0.69,-1.78,0.42,False
large-v3,australia_nz,-0.35,-1.34,0.54,False
turbo,australia_nz,0.16,-0.94,1.15,False
wav2vec2,australia_nz,2.04,0.33,3.8,True
tiny,south_asia,10.63,7.29,14.26,True
base,south_asia,8.42,5.72,11.15,True
small,south_asia,5.7,3.52,7.93,True
medium,south_asia,4.03,2.39,5.78,True
large-v3,south_asia,3.08,1.52,4.81,True
turbo,south_asia,4.34,2.78,6.03,True
wav2vec2,south_asia,9.45,7.17,11.92,True
tiny,southern_africa,12.14,8.91,15.2,True
base,southern_africa,9.16,6.37,12.03,True
small,southern_africa,5.89,3.83,8.04,True
medium,southern_africa,3.45,1.89,4.95,True
large-v3,southern_africa,3.31,1.85,4.84,True
turbo,southern_africa,5.03,3.3,6.89,True
wav2vec2,southern_africa,9.5,7.26,11.78,True
tiny,southeast_asia,14.0,10.92,17.08,True
base,southeast_asia,9.85,7.45,12.36,True
small,southeast_asia,6.44,4.34,8.95,True
medium,southeast_asia,4.69,3.16,6.18,True
large-v3,southeast_asia,3.76,2.5,4.98,True
turbo,southeast_asia,4.67,3.38,6.07,True
wav2vec2,southeast_asia,11.89,9.58,13.93,True
tiny,l2_european,9.26,6.46,12.17,True
base,l2_european,7.61,5.41,9.86,True
small,l2_european,5.13,3.51,6.83,True
medium,l2_european,3.4,2.04,4.86,True
large-v3,l2_european,2.31,1.18,3.49,True
turbo,l2_european,3.04,1.91,4.29,True
wav2vec2,l2_european,8.54,6.6,10.48,True
