model,accent_group,circle,wer,ci_low,ci_high,clips,speakers,ref_words
tiny,us,inner,9.21,7.64,10.87,400,400,3679
base,us,inner,6.28,5.07,7.56,400,400,3679
small,us,inner,4.05,3.03,5.16,400,400,3679
medium,us,inner,3.07,2.25,4.03,400,400,3679
large-v3,us,inner,2.47,1.75,3.21,400,400,3679
turbo,us,inner,2.45,1.71,3.2,400,400,3679
wav2vec2,us,inner,5.22,4.21,6.33,400,400,3679
tiny,england,inner,11.5,9.62,13.32,400,400,3877
base,england,inner,6.71,5.51,7.92,400,400,3877
small,england,inner,4.15,3.18,5.12,400,400,3877
medium,england,inner,2.45,1.76,3.28,400,400,3877
large-v3,england,inner,2.14,1.53,2.83,400,400,3877
turbo,england,inner,2.17,1.54,2.87,400,400,3877
wav2vec2,england,inner,6.09,4.99,7.2,400,400,3877
tiny,canada,inner,7.55,6.03,8.97,400,400,3509
base,canada,inner,5.22,4.09,6.35,400,400,3509
small,canada,inner,3.11,2.34,3.89,400,400,3509
medium,canada,inner,1.88,1.33,2.45,400,400,3509
large-v3,canada,inner,1.37,0.9,1.87,400,400,3509
turbo,canada,inner,1.51,1.04,2.02,400,400,3509
wav2vec2,canada,inner,5.96,4.73,7.19,400,400,3509
tiny,australia_nz,inner,10.81,9.06,12.51,400,400,3525
base,australia_nz,inner,7.29,6.01,8.57,400,400,3525
small,australia_nz,inner,4.31,3.33,5.39,400,400,3525
medium,australia_nz,inner,2.38,1.8,3.01,400,400,3525
large-v3,australia_nz,inner,2.13,1.59,2.65,400,400,3525
turbo,australia_nz,inner,2.61,1.92,3.37,400,400,3525
wav2vec2,australia_nz,inner,7.26,5.89,8.7,400,400,3525
tiny,south_asia,outer,19.84,16.81,23.02,400,400,3477
base,south_asia,outer,14.7,12.51,17.13,400,400,3477
small,south_asia,outer,9.75,7.74,11.58,400,400,3477
medium,south_asia,outer,7.1,5.56,8.65,400,400,3477
large-v3,south_asia,outer,5.55,4.27,7.02,400,400,3477
turbo,south_asia,outer,6.79,5.38,8.28,400,400,3477
wav2vec2,south_asia,outer,14.67,12.68,17.01,400,400,3477
tiny,southern_africa,outer,21.35,18.56,24.04,400,353,3892
base,southern_africa,outer,15.44,13.0,17.91,400,353,3892
small,southern_africa,outer,9.94,8.13,11.67,400,353,3892
medium,southern_africa,outer,6.53,5.26,7.79,400,353,3892
large-v3,southern_africa,outer,5.78,4.53,7.07,400,353,3892
turbo,southern_africa,outer,7.48,5.9,9.2,400,353,3892
wav2vec2,southern_africa,outer,14.72,12.68,16.83,400,353,3892
tiny,southeast_asia,outer,23.22,20.59,25.79,400,347,3993
base,southeast_asia,outer,16.13,13.92,18.3,400,347,3993
small,southeast_asia,outer,10.49,8.72,12.73,400,347,3993
medium,southeast_asia,outer,7.76,6.57,8.98,400,347,3993
large-v3,southeast_asia,outer,6.24,5.19,7.28,400,347,3993
turbo,southeast_asia,outer,7.11,5.99,8.21,400,347,3993
wav2vec2,southeast_asia,outer,17.1,15.15,18.93,400,347,3993
tiny,l2_european,expanding,18.47,16.24,20.87,400,238,4098
base,l2_european,expanding,13.88,12.15,15.89,400,238,4098
small,l2_european,expanding,9.18,7.95,10.49,400,238,4098
medium,l2_european,expanding,6.47,5.37,7.69,400,238,4098
large-v3,l2_european,expanding,4.78,3.91,5.65,400,238,4098
turbo,l2_european,expanding,5.49,4.54,6.53,400,238,4098
wav2vec2,l2_european,expanding,13.76,12.19,15.45,400,238,4098
