rank,clip_id,accent_group,wer_large-v3,wer_tiny,reference,prediction_large-v3,audio,tag,notes
1,common_voice_en_39997794.mp3,southern_africa,1.44,2.11,"For several years, she was married to Len Wein.","Uh, you want something to eat? Yes, you were invited to... Where's that? Sorry?",data/audio_subset/common_voice_en_39997794.mp3,,
2,common_voice_en_17714098.mp3,south_asia,1.38,2.88,The Beatles were a famous English rock band.,"Don't be мной, don't be much in selfie kind",data/audio_subset/common_voice_en_17714098.mp3,,
3,common_voice_en_30572163.mp3,southeast_asia,1.25,0.25,She is from Uzhgorod.,She is from... Who's good at...,data/audio_subset/common_voice_en_30572163.mp3,,
4,common_voice_en_38331329.mp3,southern_africa,1.14,1.14,Vakaga is known for its oil reserves.,"Hello friends. Today, I will explain you some",data/audio_subset/common_voice_en_38331329.mp3,,
5,common_voice_en_28344702.mp3,southern_africa,1.08,1.0,"At each character position numbers precede letters and ""vowels are never used"".",And each character is shown on this screen. You can see how it's being used.,data/audio_subset/common_voice_en_28344702.mp3,,
6,common_voice_en_535186.mp3,south_asia,1.0,0.69,He approached the mass and was surprised at the size and the shape.,This is our Project Sizing Machine,data/audio_subset/common_voice_en_535186.mp3,,
7,common_voice_en_17298782.mp3,south_asia,1.0,1.0,"Out of sight, out of mind.",Transcription by CastingWords,data/audio_subset/common_voice_en_17298782.mp3,,
8,common_voice_en_17554106.mp3,canada,1.0,1.5,Do you know me?,Be a Domo.,data/audio_subset/common_voice_en_17554106.mp3,,
9,common_voice_en_115689.mp3,south_asia,1.0,2.0,The Englishman was disappointed.,The English manual is specified.,data/audio_subset/common_voice_en_115689.mp3,,
10,common_voice_en_131654.mp3,southeast_asia,1.0,1.0,"Maktub, thought the boy.",Maktoum Tatamu'aia,data/audio_subset/common_voice_en_131654.mp3,,
11,common_voice_en_17252192.mp3,england,0.89,1.78,Does that imply I can no longer play badminton?,Does the good does not affect you?,data/audio_subset/common_voice_en_17252192.mp3,,
12,common_voice_en_17661177.mp3,south_asia,0.86,1.57,"Perhaps, you should just grow sea monkeys.",Perhaps we should just go and see what happens.,data/audio_subset/common_voice_en_17661177.mp3,,
13,common_voice_en_83758.mp3,south_asia,0.8,0.6,We cannot forget that farce.,We can't forget that far else.,data/audio_subset/common_voice_en_83758.mp3,,
14,common_voice_en_17291041.mp3,south_asia,0.78,0.22,"Yeah, I was in a wheel chair for months.","Yeah, causing a wheelchair command.",data/audio_subset/common_voice_en_17291041.mp3,,
15,common_voice_en_32959998.mp3,southeast_asia,0.75,0.67,He explores the place and is almost crushed in an elevator shaft.,"In Explorers The Plays, I miss my most crush, the elevator shaft.",data/audio_subset/common_voice_en_32959998.mp3,,
16,common_voice_en_17568813.mp3,south_asia,0.75,0.75,Who has already arrived?,Who is already at app?,data/audio_subset/common_voice_en_17568813.mp3,,
17,common_voice_en_17252855.mp3,southeast_asia,0.67,1.17,"""Don't know,"" was the reply.","So now, what's the reply?",data/audio_subset/common_voice_en_17252855.mp3,,
18,common_voice_en_17640985.mp3,southern_africa,0.67,0.33,I assume this was your doing?,I assume this is what you're doing?,data/audio_subset/common_voice_en_17640985.mp3,,
19,common_voice_en_617668.mp3,us,0.67,0.5,"""Don't know,"" was the reply.","Don't know, but it's a reply.",data/audio_subset/common_voice_en_617668.mp3,,
20,common_voice_en_17498600.mp3,south_asia,0.62,0.88,"Trample the spark, else the flames will spread.",Trim the last part as the cream will spread.,data/audio_subset/common_voice_en_17498600.mp3,,
21,common_voice_en_141766.mp3,south_asia,0.62,0.75,And that other honeymoon in a coal mine!,and the other honeymonger called mine.,data/audio_subset/common_voice_en_141766.mp3,,
22,common_voice_en_43793953.mp3,southeast_asia,0.6,1.0,This belief may decrease ones concerns relating to nicotine addiction.,Use belief to medicate cases once concerned relating to nicotine addiction.,data/audio_subset/common_voice_en_43793953.mp3,,
23,common_voice_en_18230906.mp3,england,0.6,0.6,Don’t you like it?,Do you like me?,data/audio_subset/common_voice_en_18230906.mp3,,
24,common_voice_en_17849795.mp3,south_asia,0.6,2.0,Listen and silent are anagrams.,Vision and Silent or Enneagrams,data/audio_subset/common_voice_en_17849795.mp3,,
25,common_voice_en_187540.mp3,southern_africa,0.6,0.6,The boy awoke before dawn.,The boy I woke before down,data/audio_subset/common_voice_en_187540.mp3,,
26,common_voice_en_20261314.mp3,southern_africa,0.57,1.0,His stage career was extensive and distinguished.,The stage here is extensive and disconcerting.,data/audio_subset/common_voice_en_20261314.mp3,,
27,common_voice_en_19118251.mp3,southeast_asia,0.5,0.2,The contests were staged in the Ano Liossia Olympic Hall.,The contest was staged in the Anoa Luau Sia Olympic Hall.,data/audio_subset/common_voice_en_19118251.mp3,,
28,common_voice_en_18234255.mp3,us,0.5,0.25,"Without haste, yet without rest unhasting, yet unresting.","Without haste, yet without rest on hasting, yet on resting.",data/audio_subset/common_voice_en_18234255.mp3,,
29,common_voice_en_488444.mp3,southeast_asia,0.5,0.0,"This pepperoni tastes off, she said.",This pepperoni tastes of Shishan.,data/audio_subset/common_voice_en_488444.mp3,,
30,common_voice_en_512494.mp3,us,0.5,0.33,He recited an Our Father silently.,He recited in Our Father's Silence.,data/audio_subset/common_voice_en_512494.mp3,,
31,common_voice_en_17777552.mp3,australia_nz,0.5,0.25,Long live the Emperor.,Lone with the Emperor,data/audio_subset/common_voice_en_17777552.mp3,,
32,common_voice_en_158982.mp3,england,0.5,0.75,"Maktub, thought the boy.","Mac tub, thought the boy.",data/audio_subset/common_voice_en_158982.mp3,,
33,common_voice_en_9382644.mp3,south_asia,0.5,0.75,Brian is leaving today.,Brain is living today.,data/audio_subset/common_voice_en_9382644.mp3,,
34,common_voice_en_17412937.mp3,south_asia,0.5,0.5,Did you see him?,Do you see it?,data/audio_subset/common_voice_en_17412937.mp3,,
35,common_voice_en_17424916.mp3,south_asia,0.5,0.25,"Oh, you are, eh?","Oh, you what? Huh?",data/audio_subset/common_voice_en_17424916.mp3,,
36,common_voice_en_17613034.mp3,south_asia,0.5,0.0,Is it all right?,Is it alright?,data/audio_subset/common_voice_en_17613034.mp3,,
37,common_voice_en_212916.mp3,south_asia,0.5,1.25,The serpent relaxed immediately.,The cell phone relaxed immediately.,data/audio_subset/common_voice_en_212916.mp3,,
38,common_voice_en_555912.mp3,us,0.5,0.25,"Maktub, thought the boy.",Mac Tub thought the boy.,data/audio_subset/common_voice_en_555912.mp3,,
39,common_voice_en_64743.mp3,us,0.46,0.54,It spread through the planet's atmosphere and obscured its more familiar features.,It's straight to this planet atmosphere and obscure its more familiar features.,data/audio_subset/common_voice_en_64743.mp3,,
40,common_voice_en_33282741.mp3,l2_european,0.44,0.56,Yashwantrao Chavan succeeded him as the head of government.,"Yashwant Rao, servant succeeding him as the head of government.",data/audio_subset/common_voice_en_33282741.mp3,,
41,common_voice_en_22975072.mp3,southeast_asia,0.44,0.44,An extended-release enteral solution is sold as Duopa.,An extended release on-trail solution is sold as dual-par.,data/audio_subset/common_voice_en_22975072.mp3,,
42,common_voice_en_17808693.mp3,us,0.44,0.89,The police arrived at the scene thirty minutes later.,The police arrived at the scene with search news lead.,data/audio_subset/common_voice_en_17808693.mp3,,
43,common_voice_en_10476.mp3,south_asia,0.43,0.86,But now the sounds inside had stopped.,But now the songs inside her have stopped.,data/audio_subset/common_voice_en_10476.mp3,,
44,common_voice_en_17816634.mp3,south_asia,0.43,0.29,"""Here, let me show you,"" said Ann.","Here, let me show Zn",data/audio_subset/common_voice_en_17816634.mp3,,
45,common_voice_en_18012430.mp3,southeast_asia,0.43,0.86,A lame back kept his score low.,Alain Bach kept his score low.,data/audio_subset/common_voice_en_18012430.mp3,,
46,common_voice_en_22234514.mp3,southern_africa,0.43,0.86,"They called this land ""Can-tuc-kee"".",They called this land Kentucky.,data/audio_subset/common_voice_en_22234514.mp3,,
47,common_voice_en_17881368.mp3,south_asia,0.42,1.0,The foot of the owner is the best manure for his land.,The food of the owner is the best menu of produce and,data/audio_subset/common_voice_en_17881368.mp3,,
48,common_voice_en_19641956.mp3,southeast_asia,0.42,0.25,The match was being hyped as The Real Cane versus Gunn Match.,"The match was being hyped, Hesterial Kane vs Gunn match.",data/audio_subset/common_voice_en_19641956.mp3,,
49,common_voice_en_42226707.mp3,southeast_asia,0.42,0.67,"After this, Bow's hideaway is rebuilt and Rand rejoins the party.","After this, Bao's hideaway is rebuilt and he runs to rejoin the party.",data/audio_subset/common_voice_en_42226707.mp3,,
50,common_voice_en_27383635.mp3,southeast_asia,0.4,0.53,"Low-end cars were identifiable by single square headlamps, while the higher models received duals.",Glow and cast were identifiable by single square heat lamps while the higher models received doors.,data/audio_subset/common_voice_en_27383635.mp3,,
